"Method","RMSE","MSE","MAE"
"Mean",58.0269461372851,49.2388177707363,49.2388177707363
"Naive",42.6672656157276,36.3193590580182,36.3193590580182
"SNaive",12.6439525794041,10.2099273627494,10.2099273627494
"RWF",42.6672656157276,36.3193590580182,36.3193590580182
"ARIMA",11.4729118513492,9.14004350260988,9.14004350260988
