"Method","RMSE","MSE","MAE"
"Mean",353.806531718639,271.6007430601,271.6007430601
"Naive",465.746440033414,358.741335542642,358.741335542642
"SNaive",253.909033600575,195.550662562105,195.550662562105
"RWF",465.746440033414,358.741335542642,358.741335542642
"ARIMA",238.662502294091,188.885371207635,188.885371207635
