"Method","RMSE","MSE","MAE"
"Mean",6.32512934908315,5.60802530710126,5.60802530710126
"Naive",3.99073357587941,3.28983079891498,3.28983079891498
"SNaive",2.74773090323771,2.17863944568118,2.17863944568118
"RWF",3.99073357587941,3.28983079891498,3.28983079891498
"ARIMA",2.33198813421597,1.87184275700679,1.87184275700679
