"Method","RMSE","MSE","MAE"
"Mean",55.069774257033,49.4044205917661,49.4044205917661
"Naive",4.81082818198802,2.5,2.5
"SNaive",19.6326068655298,17.6261682242991,17.6261682242991
"RWF",4.81082818198802,2.5,2.5
"ARIMA",4.47816584279925,2.20520905941828,2.20520905941828
