"Method","RMSE","MSE","MAE"
"Mean",18.9976723426817,15.4920509094112,15.4920509094112
"Naive",10.9495345879315,7.9076923076923,7.9076923076923
"SNaive",18.4073825072776,14.2355769230769,14.2355769230769
"RWF",10.9495345879315,7.9076923076923,7.9076923076923
"ARIMA",10.484574860186,7.81022168378704,7.81022168378704
