"Method","RMSE","MSE","MAE"
"Mean",3.06654901787362,2.43000381714273,2.43000381714273
"Naive",3.45945493079916,2.65683646112601,2.65683646112601
"SNaive",3.16893939209135,2.42312925170068,2.42312925170068
"RWF",3.45945493079916,2.65683646112601,2.65683646112601
"ARIMA",2.43235709926885,1.87855974178815,1.87855974178815
