"Method","RMSE","MSE","MAE"
"Mean",16.8630697278574,13.0502220147023,13.0502220147023
"Naive",2.73346007882695,1.77323263823934,1.77323263823934
"SNaive",22.9544921937633,19.3186974453782,19.3186974453782
"RWF",2.73346007882695,1.77323263823934,1.77323263823934
"ARIMA",2.73158563878171,1.77096082134387,1.77096082134387
