"Method","RMSE","MSE","MAE"
"Mean",2.83046167034088,2.48151903862003,2.48151903862003
"Naive",0.241389450122238,0.188894079779918,0.188894079779918
"SNaive",4.31568935313331,3.49230253781513,3.49230253781513
"RWF",0.241389450122238,0.188894079779918,0.188894079779918
"ARIMA",0.241224848566231,0.188663332403222,0.188663332403222
