"p","d","q","AIC","BIC","AICc"
0,1,0,3527.23284072179,3531.82176719932,3527.23835796317
