"p","d","q","AIC","BIC","AICc"
0,1,0,-1.49707495513258,3.09185152240094,-1.49155771375326
