"p","d","q","AIC","BIC","AICc"
3,1,4,1488.13615569524,1509.44366844814,1489.62069177772
