"p","d","q","AIC","BIC","AICc"
5,1,1,3459.99395077387,3492.2970299753,3460.14571229148
