"p","d","q","AIC","BIC","AICc"
2,2,4,585.615318564313,601.551981397425,587.365318564313
