"p","d","q","AIC","BIC","AICc"
1,1,1,1967.69207374615,1978.37411863919,1967.78582374615
