"p","d","q","AIC","BIC","AICc"
0,2,1,691.291635210016,696.815983079612,691.396898367911
