"p","d","q","AIC","BIC","AICc"
2,2,3,355.292726948022,368.952723662119,356.58503464033
